<?xml version="1.0" encoding="UTF-8"?>
<!DOCTYPE plist PUBLIC "-//Apple//DTD PLIST 1.0//EN" "http://www.apple.com/DTDs/PropertyList-1.0.dtd"/>

<plist version="1.0">
    <dict>
        <key>ROOT</key>
        <array>
            <dict>
                <key>id</key>
                <string>484</string>
                <key>className</key>
                <string>PTModelObjectAssetLight</string>
                <key>Name</key>
                <dict>
                    <key>value</key>
                    <string>Untitled</string>
                </dict>
                <key>Position</key>
                <dict>
                    <key>value</key>
                    <string>{1954.255,490.320}</string>
                </dict>
                <key>Scale</key>
                <dict>
                    <key>value</key>
                    <string>{1.000,1.000}</string>
                </dict>
                <key>Hidden</key>
                <dict>
                    <key>visible</key>
                    <string>0</string>
                </dict>
                <key>Locked</key>
                <dict>
                    <key>visible</key>
                    <string>0</string>
                </dict>
                <key>Radius</key>
                <dict>
                    <key>value</key>
                    <string>50.000000</string>
                </dict>
                <key>Color</key>
                <dict>
                    <key>r</key>
                    <string>255.000000</string>
                    <key>g</key>
                    <string>255.000000</string>
                    <key>b</key>
                    <string>255.000000</string>
                    <key>a</key>
                    <string>209.000000</string>
                </dict>
                <key>Cast Shadow</key>
                <dict>
                    <key>value</key>
                    <string>1</string>
                </dict>
                <key>zDepth</key>
                <string>1</string>
            </dict>
            <dict>
                <key>id</key>
                <string>1297</string>
                <key>className</key>
                <string>PTModelObjectAssetLight</string>
                <key>Name</key>
                <dict>
                    <key>value</key>
                    <string>Untitled</string>
                </dict>
                <key>Position</key>
                <dict>
                    <key>value</key>
                    <string>{1954.255,490.320}</string>
                </dict>
                <key>Scale</key>
                <dict>
                    <key>value</key>
                    <string>{1.000,1.000}</string>
                </dict>
                <key>Hidden</key>
                <dict>
                    <key>visible</key>
                    <string>0</string>
                </dict>
                <key>Locked</key>
                <dict>
                    <key>visible</key>
                    <string>0</string>
                </dict>
                <key>Radius</key>
                <dict>
                    <key>value</key>
                    <string>50.000000</string>
                </dict>
                <key>Color</key>
                <dict>
                    <key>r</key>
                    <string>255.000000</string>
                    <key>g</key>
                    <string>255.000000</string>
                    <key>b</key>
                    <string>255.000000</string>
                    <key>a</key>
                    <string>209.000000</string>
                </dict>
                <key>Cast Shadow</key>
                <dict>
                    <key>value</key>
                    <string>1</string>
                </dict>
                <key>zDepth</key>
                <string>1</string>
            </dict>
            <dict>
                <key>id</key>
                <string>1655</string>
                <key>className</key>
                <string>PTModelObjectAssetLight</string>
                <key>Name</key>
                <dict>
                    <key>value</key>
                    <string>Untitled</string>
                </dict>
                <key>Position</key>
                <dict>
                    <key>value</key>
                    <string>{427.410,516.534}</string>
                </dict>
                <key>Scale</key>
                <dict>
                    <key>value</key>
                    <string>{1.000,1.000}</string>
                </dict>
                <key>Hidden</key>
                <dict>
                    <key>visible</key>
                    <string>0</string>
                </dict>
                <key>Locked</key>
                <dict>
                    <key>visible</key>
                    <string>0</string>
                </dict>
                <key>Color</key>
                <dict>
                    <key>r</key>
                    <string>255.000000</string>
                    <key>g</key>
                    <string>255.000000</string>
                    <key>b</key>
                    <string>255.000000</string>
                    <key>a</key>
                    <string>255.000000</string>
                </dict>
                <key>Cast Shadow</key>
                <dict>
                    <key>value</key>
                    <string>1</string>
                </dict>
                <key>zDepth</key>
                <string>1</string>
            </dict>
            <dict>
                <key>id</key>
                <string>3692</string>
                <key>className</key>
                <string>PTModelObjectAssetLight</string>
                <key>Name</key>
                <dict>
                    <key>value</key>
                    <string>Light</string>
                </dict>
                <key>Position</key>
                <dict>
                    <key>value</key>
                    <string>{162.072,818.230}</string>
                </dict>
                <key>Scale</key>
                <dict>
                    <key>value</key>
                    <string>{1.000,1.000}</string>
                </dict>
                <key>Hidden</key>
                <dict>
                    <key>visible</key>
                    <string>0</string>
                </dict>
                <key>Locked</key>
                <dict>
                    <key>visible</key>
                    <string>0</string>
                </dict>
                <key>Radius</key>
                <dict>
                    <key>value</key>
                    <string>15.000000</string>
                </dict>
                <key>Color</key>
                <dict>
                    <key>r</key>
                    <string>190.000000</string>
                    <key>g</key>
                    <string>39.000000</string>
                    <key>b</key>
                    <string>195.000000</string>
                    <key>a</key>
                    <string>255.000000</string>
                </dict>
                <key>zDepth</key>
                <string>501</string>
            </dict>
            <dict>
                <key>id</key>
                <string>3812</string>
                <key>className</key>
                <string>PTModelObjectAssetLight</string>
                <key>Name</key>
                <dict>
                    <key>value</key>
                    <string>Light</string>
                </dict>
                <key>Position</key>
                <dict>
                    <key>value</key>
                    <string>{432.718,516.114}</string>
                </dict>
                <key>Scale</key>
                <dict>
                    <key>value</key>
                    <string>{1.000,1.000}</string>
                </dict>
                <key>Hidden</key>
                <dict>
                    <key>visible</key>
                    <string>0</string>
                </dict>
                <key>Locked</key>
                <dict>
                    <key>visible</key>
                    <string>0</string>
                </dict>
                <key>Radius</key>
                <dict>
                    <key>value</key>
                    <string>15.000000</string>
                </dict>
                <key>Color</key>
                <dict>
                    <key>r</key>
                    <string>20.000000</string>
                    <key>g</key>
                    <string>224.000000</string>
                    <key>b</key>
                    <string>255.000000</string>
                    <key>a</key>
                    <string>255.000000</string>
                </dict>
                <key>zDepth</key>
                <string>1</string>
            </dict>
            <dict>
                <key>id</key>
                <string>3816</string>
                <key>className</key>
                <string>PTModelObjectAssetLight</string>
                <key>Name</key>
                <dict>
                    <key>value</key>
                    <string>Light</string>
                </dict>
                <key>Position</key>
                <dict>
                    <key>value</key>
                    <string>{432.718,516.114}</string>
                </dict>
                <key>Scale</key>
                <dict>
                    <key>value</key>
                    <string>{1.000,1.000}</string>
                </dict>
                <key>Hidden</key>
                <dict>
                    <key>visible</key>
                    <string>0</string>
                </dict>
                <key>Locked</key>
                <dict>
                    <key>visible</key>
                    <string>0</string>
                </dict>
                <key>Radius</key>
                <dict>
                    <key>value</key>
                    <string>15.000000</string>
                </dict>
                <key>Color</key>
                <dict>
                    <key>r</key>
                    <string>20.000000</string>
                    <key>g</key>
                    <string>224.000000</string>
                    <key>b</key>
                    <string>255.000000</string>
                    <key>a</key>
                    <string>255.000000</string>
                </dict>
                <key>zDepth</key>
                <string>2</string>
            </dict>
            <dict>
                <key>id</key>
                <string>3820</string>
                <key>className</key>
                <string>PTModelObjectAssetLight</string>
                <key>Name</key>
                <dict>
                    <key>value</key>
                    <string>Light</string>
                </dict>
                <key>Position</key>
                <dict>
                    <key>value</key>
                    <string>{432.718,516.114}</string>
                </dict>
                <key>Scale</key>
                <dict>
                    <key>value</key>
                    <string>{1.000,1.000}</string>
                </dict>
                <key>Hidden</key>
                <dict>
                    <key>visible</key>
                    <string>0</string>
                </dict>
                <key>Locked</key>
                <dict>
                    <key>visible</key>
                    <string>0</string>
                </dict>
                <key>Radius</key>
                <dict>
                    <key>value</key>
                    <string>15.000000</string>
                </dict>
                <key>Color</key>
                <dict>
                    <key>r</key>
                    <string>20.000000</string>
                    <key>g</key>
                    <string>224.000000</string>
                    <key>b</key>
                    <string>255.000000</string>
                    <key>a</key>
                    <string>255.000000</string>
                </dict>
                <key>zDepth</key>
                <string>2</string>
            </dict>
            <dict>
                <key>id</key>
                <string>3828</string>
                <key>className</key>
                <string>PTModelObjectAssetLight</string>
                <key>Name</key>
                <dict>
                    <key>value</key>
                    <string>Light</string>
                </dict>
                <key>Position</key>
                <dict>
                    <key>value</key>
                    <string>{432.718,516.114}</string>
                </dict>
                <key>Scale</key>
                <dict>
                    <key>value</key>
                    <string>{1.000,1.000}</string>
                </dict>
                <key>Hidden</key>
                <dict>
                    <key>visible</key>
                    <string>0</string>
                </dict>
                <key>Locked</key>
                <dict>
                    <key>visible</key>
                    <string>0</string>
                </dict>
                <key>Radius</key>
                <dict>
                    <key>value</key>
                    <string>15.000000</string>
                </dict>
                <key>Color</key>
                <dict>
                    <key>r</key>
                    <string>20.000000</string>
                    <key>g</key>
                    <string>224.000000</string>
                    <key>b</key>
                    <string>255.000000</string>
                    <key>a</key>
                    <string>255.000000</string>
                </dict>
                <key>zDepth</key>
                <string>2</string>
            </dict>
            <dict>
                <key>id</key>
                <string>4075</string>
                <key>className</key>
                <string>PTModelObjectAssetLight</string>
                <key>Name</key>
                <dict>
                    <key>value</key>
                    <string>Light 2</string>
                </dict>
                <key>Position</key>
                <dict>
                    <key>value</key>
                    <string>{358.617,300.675}</string>
                </dict>
                <key>Scale</key>
                <dict>
                    <key>value</key>
                    <string>{1.000,1.000}</string>
                </dict>
                <key>Hidden</key>
                <dict>
                    <key>visible</key>
                    <string>0</string>
                </dict>
                <key>Locked</key>
                <dict>
                    <key>visible</key>
                    <string>0</string>
                </dict>
                <key>Radius</key>
                <dict>
                    <key>value</key>
                    <string>15.000000</string>
                </dict>
                <key>Color</key>
                <dict>
                    <key>r</key>
                    <string>255.000000</string>
                    <key>g</key>
                    <string>226.000000</string>
                    <key>b</key>
                    <string>0.000000</string>
                    <key>a</key>
                    <string>255.000000</string>
                </dict>
                <key>zDepth</key>
                <string>503</string>
            </dict>
            <dict>
                <key>id</key>
                <string>4086</string>
                <key>className</key>
                <string>PTModelObjectAssetLight</string>
                <key>Name</key>
                <dict>
                    <key>value</key>
                    <string>Light 2</string>
                </dict>
                <key>Position</key>
                <dict>
                    <key>value</key>
                    <string>{335.127,559.067}</string>
                </dict>
                <key>Scale</key>
                <dict>
                    <key>value</key>
                    <string>{1.000,1.000}</string>
                </dict>
                <key>Hidden</key>
                <dict>
                    <key>visible</key>
                    <string>0</string>
                </dict>
                <key>Locked</key>
                <dict>
                    <key>visible</key>
                    <string>0</string>
                </dict>
                <key>Radius</key>
                <dict>
                    <key>value</key>
                    <string>15.000000</string>
                </dict>
                <key>Color</key>
                <dict>
                    <key>r</key>
                    <string>255.000000</string>
                    <key>g</key>
                    <string>226.000000</string>
                    <key>b</key>
                    <string>0.000000</string>
                    <key>a</key>
                    <string>255.000000</string>
                </dict>
                <key>zDepth</key>
                <string>501</string>
            </dict>
            <dict>
                <key>id</key>
                <string>4482</string>
                <key>className</key>
                <string>PTModelObjectAssetLight</string>
                <key>Name</key>
                <dict>
                    <key>value</key>
                    <string>Light</string>
                </dict>
                <key>Position</key>
                <dict>
                    <key>value</key>
                    <string>{432.718,516.114}</string>
                </dict>
                <key>Scale</key>
                <dict>
                    <key>value</key>
                    <string>{1.000,1.000}</string>
                </dict>
                <key>Hidden</key>
                <dict>
                    <key>visible</key>
                    <string>0</string>
                </dict>
                <key>Locked</key>
                <dict>
                    <key>visible</key>
                    <string>0</string>
                </dict>
                <key>Radius</key>
                <dict>
                    <key>value</key>
                    <string>15.000000</string>
                </dict>
                <key>Color</key>
                <dict>
                    <key>r</key>
                    <string>20.000000</string>
                    <key>g</key>
                    <string>224.000000</string>
                    <key>b</key>
                    <string>255.000000</string>
                    <key>a</key>
                    <string>255.000000</string>
                </dict>
                <key>zDepth</key>
                <string>4</string>
            </dict>
            <dict>
                <key>id</key>
                <string>4486</string>
                <key>className</key>
                <string>PTModelObjectAssetLight</string>
                <key>Name</key>
                <dict>
                    <key>value</key>
                    <string>Light</string>
                </dict>
                <key>Position</key>
                <dict>
                    <key>value</key>
                    <string>{432.718,516.114}</string>
                </dict>
                <key>Scale</key>
                <dict>
                    <key>value</key>
                    <string>{1.000,1.000}</string>
                </dict>
                <key>Hidden</key>
                <dict>
                    <key>visible</key>
                    <string>0</string>
                </dict>
                <key>Locked</key>
                <dict>
                    <key>visible</key>
                    <string>0</string>
                </dict>
                <key>Radius</key>
                <dict>
                    <key>value</key>
                    <string>15.000000</string>
                </dict>
                <key>Color</key>
                <dict>
                    <key>r</key>
                    <string>20.000000</string>
                    <key>g</key>
                    <string>224.000000</string>
                    <key>b</key>
                    <string>255.000000</string>
                    <key>a</key>
                    <string>255.000000</string>
                </dict>
                <key>zDepth</key>
                <string>3</string>
            </dict>
            <dict>
                <key>id</key>
                <string>4595</string>
                <key>className</key>
                <string>PTModelObjectAssetLight</string>
                <key>Name</key>
                <dict>
                    <key>value</key>
                    <string>Light</string>
                </dict>
                <key>Position</key>
                <dict>
                    <key>value</key>
                    <string>{441.549,563.226}</string>
                </dict>
                <key>Scale</key>
                <dict>
                    <key>value</key>
                    <string>{1.000,1.000}</string>
                </dict>
                <key>Hidden</key>
                <dict>
                    <key>visible</key>
                    <string>0</string>
                </dict>
                <key>Locked</key>
                <dict>
                    <key>visible</key>
                    <string>0</string>
                </dict>
                <key>Radius</key>
                <dict>
                    <key>value</key>
                    <string>15.000000</string>
                </dict>
                <key>Color</key>
                <dict>
                    <key>r</key>
                    <string>255.000000</string>
                    <key>g</key>
                    <string>218.000000</string>
                    <key>b</key>
                    <string>8.000000</string>
                    <key>a</key>
                    <string>255.000000</string>
                </dict>
                <key>zDepth</key>
                <string>501</string>
            </dict>
            <dict>
                <key>id</key>
                <string>4601</string>
                <key>className</key>
                <string>PTModelObjectAssetLight</string>
                <key>Name</key>
                <dict>
                    <key>value</key>
                    <string>Light</string>
                </dict>
                <key>Position</key>
                <dict>
                    <key>value</key>
                    <string>{441.549,563.226}</string>
                </dict>
                <key>Scale</key>
                <dict>
                    <key>value</key>
                    <string>{1.000,1.000}</string>
                </dict>
                <key>Hidden</key>
                <dict>
                    <key>visible</key>
                    <string>0</string>
                </dict>
                <key>Locked</key>
                <dict>
                    <key>visible</key>
                    <string>0</string>
                </dict>
                <key>Radius</key>
                <dict>
                    <key>value</key>
                    <string>15.000000</string>
                </dict>
                <key>Color</key>
                <dict>
                    <key>r</key>
                    <string>255.000000</string>
                    <key>g</key>
                    <string>218.000000</string>
                    <key>b</key>
                    <string>8.000000</string>
                    <key>a</key>
                    <string>255.000000</string>
                </dict>
                <key>zDepth</key>
                <string>501</string>
            </dict>
            <dict>
                <key>id</key>
                <string>4901</string>
                <key>className</key>
                <string>PTModelObjectAssetLight</string>
                <key>Name</key>
                <dict>
                    <key>value</key>
                    <string>Light</string>
                </dict>
                <key>Position</key>
                <dict>
                    <key>value</key>
                    <string>{212.425,682.907}</string>
                </dict>
                <key>Scale</key>
                <dict>
                    <key>value</key>
                    <string>{1.000,1.000}</string>
                </dict>
                <key>Hidden</key>
                <dict>
                    <key>visible</key>
                    <string>0</string>
                </dict>
                <key>Locked</key>
                <dict>
                    <key>visible</key>
                    <string>0</string>
                </dict>
                <key>Radius</key>
                <dict>
                    <key>value</key>
                    <string>15.000000</string>
                </dict>
                <key>Color</key>
                <dict>
                    <key>r</key>
                    <string>235.000000</string>
                    <key>g</key>
                    <string>255.000000</string>
                    <key>b</key>
                    <string>11.000000</string>
                    <key>a</key>
                    <string>255.000000</string>
                </dict>
                <key>zDepth</key>
                <string>501</string>
            </dict>
            <dict>
                <key>id</key>
                <string>4907</string>
                <key>className</key>
                <string>PTModelObjectAssetLight</string>
                <key>Name</key>
                <dict>
                    <key>value</key>
                    <string>Light</string>
                </dict>
                <key>Position</key>
                <dict>
                    <key>value</key>
                    <string>{212.425,682.907}</string>
                </dict>
                <key>Scale</key>
                <dict>
                    <key>value</key>
                    <string>{1.000,1.000}</string>
                </dict>
                <key>Hidden</key>
                <dict>
                    <key>visible</key>
                    <string>0</string>
                </dict>
                <key>Locked</key>
                <dict>
                    <key>visible</key>
                    <string>0</string>
                </dict>
                <key>Radius</key>
                <dict>
                    <key>value</key>
                    <string>15.000000</string>
                </dict>
                <key>Color</key>
                <dict>
                    <key>r</key>
                    <string>235.000000</string>
                    <key>g</key>
                    <string>255.000000</string>
                    <key>b</key>
                    <string>11.000000</string>
                    <key>a</key>
                    <string>255.000000</string>
                </dict>
                <key>zDepth</key>
                <string>501</string>
            </dict>
        </array>
    </dict>
</plist>
