<?xml version="1.0" encoding="UTF-8"?>
<!DOCTYPE plist PUBLIC "-//Apple//DTD PLIST 1.0//EN" "http://www.apple.com/DTDs/PropertyList-1.0.dtd"/>

<plist version="1.0">
    <dict>
        <key>ROOT</key>
        <array>
            <dict>
                <key>id</key>
                <string>2874</string>
                <key>Idle Animation</key>
                <dict>
                    <key>value</key>
                    <string>2876</string>
                </dict>
            </dict>
            <dict>
                <key>id</key>
                <string>3252</string>
                <key>Idle Animation</key>
                <dict>
                    <key>value</key>
                    <string>3254</string>
                </dict>
            </dict>
            <dict>
                <key>id</key>
                <string>3552</string>
                <key>Idle Animation</key>
                <dict>
                    <key>value</key>
                    <string>3554</string>
                </dict>
            </dict>
            <dict>
                <key>id</key>
                <string>3841</string>
                <key>Idle Animation</key>
                <dict>
                    <key>value</key>
                    <string>3843</string>
                </dict>
            </dict>
            <dict>
                <key>id</key>
                <string>3922</string>
                <key>Idle Animation</key>
                <dict>
                    <key>value</key>
                    <string>3924</string>
                </dict>
            </dict>
            <dict>
                <key>id</key>
                <string>3943</string>
                <key>Idle Animation</key>
                <dict>
                    <key>value</key>
                    <string>3945</string>
                </dict>
            </dict>
            <dict>
                <key>id</key>
                <string>3963</string>
                <key>Idle Animation</key>
                <dict>
                    <key>value</key>
                    <string>3965</string>
                </dict>
            </dict>
            <dict>
                <key>id</key>
                <string>3984</string>
                <key>Idle Animation</key>
                <dict>
                    <key>value</key>
                    <string>3986</string>
                </dict>
            </dict>
            <dict>
                <key>id</key>
                <string>4005</string>
                <key>Idle Animation</key>
                <dict>
                    <key>value</key>
                    <string>4007</string>
                </dict>
            </dict>
            <dict>
                <key>id</key>
                <string>4026</string>
                <key>Idle Animation</key>
                <dict>
                    <key>value</key>
                    <string>4028</string>
                </dict>
            </dict>
            <dict>
                <key>id</key>
                <string>4046</string>
                <key>Idle Animation</key>
                <dict>
                    <key>value</key>
                    <string>4048</string>
                </dict>
            </dict>
        </array>
    </dict>
</plist>
