<?xml version="1.0" encoding="UTF-8"?>
<!DOCTYPE plist PUBLIC "-//Apple//DTD PLIST 1.0//EN" "http://www.apple.com/DTDs/PropertyList-1.0.dtd"/>

<plist version="1.0">
    <dict>
        <key>ROOT</key>
        <array>
            <dict>
                <key>id</key>
                <string>2734</string>
            </dict>
            <dict>
                <key>id</key>
                <string>2789</string>
                <key>objectA</key>
                <string>2787</string>
                <key>objectB</key>
                <string>2788</string>
            </dict>
            <dict>
                <key>id</key>
                <string>2823</string>
                <key>objectA</key>
                <string>2821</string>
                <key>objectB</key>
                <string>2822</string>
            </dict>
            <dict>
                <key>id</key>
                <string>2933</string>
            </dict>
            <dict>
                <key>id</key>
                <string>2943</string>
            </dict>
            <dict>
                <key>id</key>
                <string>2957</string>
                <key>objectA</key>
                <string>2951</string>
                <key>objectB</key>
                <string>2952</string>
            </dict>
            <dict>
                <key>id</key>
                <string>2980</string>
            </dict>
            <dict>
                <key>id</key>
                <string>4428</string>
                <key>objectA</key>
                <string>4426</string>
                <key>objectB</key>
                <string>4427</string>
            </dict>
            <dict>
                <key>id</key>
                <string>4458</string>
                <key>objectA</key>
                <string>4456</string>
                <key>objectB</key>
                <string>4457</string>
            </dict>
        </array>
    </dict>
</plist>
