<?xml version="1.0" encoding="UTF-8"?>
<!DOCTYPE plist PUBLIC "-//Apple//DTD PLIST 1.0//EN" "http://www.apple.com/DTDs/PropertyList-1.0.dtd"/>

<plist version="1.0">
    <dict>
        <key>ROOT</key>
        <array>
            <dict>
                <key>id</key>
                <string>113</string>
                <key>className</key>
                <string>PTModelAnimation</string>
                <key>Name</key>
                <dict>
                    <key>value</key>
                    <string></string>
                </dict>
                <key>duration</key>
                <string>0.033333</string>
                <key>animationSpeed</key>
                <string>1.000000</string>
                <key>looped</key>
                <string>1</string>
            </dict>
            <dict>
                <key>id</key>
                <string>130</string>
                <key>className</key>
                <string>PTModelAnimation</string>
                <key>Name</key>
                <dict>
                    <key>value</key>
                    <string></string>
                </dict>
                <key>duration</key>
                <string>0.033333</string>
                <key>animationSpeed</key>
                <string>1.000000</string>
                <key>looped</key>
                <string>1</string>
            </dict>
            <dict>
                <key>id</key>
                <string>154</string>
                <key>className</key>
                <string>PTModelAnimation</string>
                <key>Name</key>
                <dict>
                    <key>value</key>
                    <string></string>
                </dict>
                <key>duration</key>
                <string>0.033333</string>
                <key>animationSpeed</key>
                <string>1.000000</string>
                <key>looped</key>
                <string>1</string>
            </dict>
            <dict>
                <key>id</key>
                <string>345</string>
                <key>className</key>
                <string>PTModelAnimation</string>
                <key>Name</key>
                <dict>
                    <key>value</key>
                    <string></string>
                </dict>
                <key>duration</key>
                <string>0.033333</string>
                <key>animationSpeed</key>
                <string>1.000000</string>
                <key>looped</key>
                <string>1</string>
            </dict>
            <dict>
                <key>id</key>
                <string>403</string>
                <key>className</key>
                <string>PTModelAnimation</string>
                <key>Name</key>
                <dict>
                    <key>value</key>
                    <string></string>
                </dict>
                <key>duration</key>
                <string>0.033333</string>
                <key>animationSpeed</key>
                <string>1.000000</string>
                <key>looped</key>
                <string>1</string>
            </dict>
            <dict>
                <key>id</key>
                <string>812</string>
                <key>className</key>
                <string>PTModelAnimation</string>
                <key>Name</key>
                <dict>
                    <key>value</key>
                    <string></string>
                </dict>
                <key>duration</key>
                <string>0.033333</string>
                <key>animationSpeed</key>
                <string>1.000000</string>
                <key>looped</key>
                <string>1</string>
            </dict>
            <dict>
                <key>id</key>
                <string>838</string>
                <key>className</key>
                <string>PTModelAnimation</string>
                <key>Name</key>
                <dict>
                    <key>value</key>
                    <string></string>
                </dict>
                <key>duration</key>
                <string>0.033333</string>
                <key>animationSpeed</key>
                <string>1.000000</string>
                <key>looped</key>
                <string>1</string>
            </dict>
            <dict>
                <key>id</key>
                <string>849</string>
                <key>className</key>
                <string>PTModelAnimation</string>
                <key>Name</key>
                <dict>
                    <key>value</key>
                    <string></string>
                </dict>
                <key>duration</key>
                <string>0.033333</string>
                <key>animationSpeed</key>
                <string>1.000000</string>
                <key>looped</key>
                <string>1</string>
            </dict>
            <dict>
                <key>id</key>
                <string>865</string>
                <key>className</key>
                <string>PTModelAnimation</string>
                <key>Name</key>
                <dict>
                    <key>value</key>
                    <string></string>
                </dict>
                <key>duration</key>
                <string>0.033333</string>
                <key>animationSpeed</key>
                <string>1.000000</string>
                <key>looped</key>
                <string>1</string>
            </dict>
            <dict>
                <key>id</key>
                <string>979</string>
                <key>className</key>
                <string>PTModelAnimation</string>
                <key>Name</key>
                <dict>
                    <key>value</key>
                    <string></string>
                </dict>
                <key>duration</key>
                <string>3.000000</string>
                <key>animationSpeed</key>
                <string>1.000000</string>
                <key>looped</key>
                <string>0</string>
            </dict>
            <dict>
                <key>id</key>
                <string>1167</string>
                <key>className</key>
                <string>PTModelAnimation</string>
                <key>Name</key>
                <dict>
                    <key>value</key>
                    <string></string>
                </dict>
                <key>duration</key>
                <string>0.033333</string>
                <key>animationSpeed</key>
                <string>1.000000</string>
                <key>looped</key>
                <string>1</string>
            </dict>
            <dict>
                <key>id</key>
                <string>1174</string>
                <key>className</key>
                <string>PTModelAnimation</string>
                <key>Name</key>
                <dict>
                    <key>value</key>
                    <string></string>
                </dict>
                <key>duration</key>
                <string>3.000000</string>
                <key>animationSpeed</key>
                <string>1.000000</string>
                <key>looped</key>
                <string>1</string>
            </dict>
            <dict>
                <key>id</key>
                <string>1863</string>
                <key>className</key>
                <string>PTModelAnimation</string>
                <key>Name</key>
                <dict>
                    <key>value</key>
                    <string></string>
                </dict>
                <key>duration</key>
                <string>0.033333</string>
                <key>animationSpeed</key>
                <string>1.000000</string>
                <key>looped</key>
                <string>1</string>
            </dict>
            <dict>
                <key>id</key>
                <string>2256</string>
                <key>className</key>
                <string>PTModelAnimation</string>
                <key>Name</key>
                <dict>
                    <key>value</key>
                    <string></string>
                </dict>
                <key>duration</key>
                <string>0.333333</string>
                <key>animationSpeed</key>
                <string>1.000000</string>
                <key>looped</key>
                <string>1</string>
            </dict>
            <dict>
                <key>id</key>
                <string>2268</string>
                <key>className</key>
                <string>PTModelAnimation</string>
                <key>Name</key>
                <dict>
                    <key>value</key>
                    <string></string>
                </dict>
                <key>duration</key>
                <string>0.033333</string>
                <key>animationSpeed</key>
                <string>1.000000</string>
                <key>looped</key>
                <string>1</string>
            </dict>
            <dict>
                <key>id</key>
                <string>2288</string>
                <key>className</key>
                <string>PTModelAnimation</string>
                <key>Name</key>
                <dict>
                    <key>value</key>
                    <string></string>
                </dict>
                <key>duration</key>
                <string>3.000000</string>
                <key>animationSpeed</key>
                <string>1.000000</string>
                <key>looped</key>
                <string>1</string>
            </dict>
            <dict>
                <key>id</key>
                <string>2337</string>
                <key>className</key>
                <string>PTModelAnimation</string>
                <key>Name</key>
                <dict>
                    <key>value</key>
                    <string></string>
                </dict>
                <key>duration</key>
                <string>0.033333</string>
                <key>animationSpeed</key>
                <string>1.000000</string>
                <key>looped</key>
                <string>1</string>
            </dict>
            <dict>
                <key>id</key>
                <string>2712</string>
                <key>className</key>
                <string>PTModelAnimation</string>
                <key>Name</key>
                <dict>
                    <key>value</key>
                    <string></string>
                </dict>
                <key>duration</key>
                <string>0.333333</string>
                <key>animationSpeed</key>
                <string>1.000000</string>
                <key>looped</key>
                <string>1</string>
            </dict>
            <dict>
                <key>id</key>
                <string>2727</string>
                <key>className</key>
                <string>PTModelAnimation</string>
                <key>Name</key>
                <dict>
                    <key>value</key>
                    <string></string>
                </dict>
                <key>duration</key>
                <string>0.033333</string>
                <key>animationSpeed</key>
                <string>1.000000</string>
                <key>looped</key>
                <string>1</string>
            </dict>
            <dict>
                <key>id</key>
                <string>2847</string>
                <key>className</key>
                <string>PTModelAnimation</string>
                <key>Name</key>
                <dict>
                    <key>value</key>
                    <string></string>
                </dict>
                <key>duration</key>
                <string>0.033333</string>
                <key>animationSpeed</key>
                <string>1.000000</string>
                <key>looped</key>
                <string>1</string>
            </dict>
            <dict>
                <key>id</key>
                <string>2876</string>
                <key>className</key>
                <string>PTModelAnimation</string>
                <key>Name</key>
                <dict>
                    <key>value</key>
                    <string></string>
                </dict>
                <key>duration</key>
                <string>0.566667</string>
                <key>animationSpeed</key>
                <string>1.000000</string>
                <key>looped</key>
                <string>1</string>
            </dict>
            <dict>
                <key>id</key>
                <string>3200</string>
                <key>className</key>
                <string>PTModelAnimation</string>
                <key>Name</key>
                <dict>
                    <key>value</key>
                    <string></string>
                </dict>
                <key>duration</key>
                <string>0.033333</string>
                <key>animationSpeed</key>
                <string>1.000000</string>
                <key>looped</key>
                <string>1</string>
            </dict>
            <dict>
                <key>id</key>
                <string>3231</string>
                <key>className</key>
                <string>PTModelAnimation</string>
                <key>Name</key>
                <dict>
                    <key>value</key>
                    <string></string>
                </dict>
                <key>duration</key>
                <string>0.666667</string>
                <key>animationSpeed</key>
                <string>1.000000</string>
                <key>looped</key>
                <string>1</string>
            </dict>
            <dict>
                <key>id</key>
                <string>3254</string>
                <key>className</key>
                <string>PTModelAnimation</string>
                <key>Name</key>
                <dict>
                    <key>value</key>
                    <string></string>
                </dict>
                <key>duration</key>
                <string>0.333333</string>
                <key>animationSpeed</key>
                <string>1.000000</string>
                <key>looped</key>
                <string>1</string>
            </dict>
            <dict>
                <key>id</key>
                <string>3510</string>
                <key>className</key>
                <string>PTModelAnimation</string>
                <key>Name</key>
                <dict>
                    <key>value</key>
                    <string></string>
                </dict>
                <key>duration</key>
                <string>3.000000</string>
                <key>animationSpeed</key>
                <string>1.000000</string>
                <key>looped</key>
                <string>0</string>
            </dict>
            <dict>
                <key>id</key>
                <string>3543</string>
                <key>className</key>
                <string>PTModelAnimation</string>
                <key>Name</key>
                <dict>
                    <key>value</key>
                    <string></string>
                </dict>
                <key>duration</key>
                <string>0.033333</string>
                <key>animationSpeed</key>
                <string>1.000000</string>
                <key>looped</key>
                <string>1</string>
            </dict>
            <dict>
                <key>id</key>
                <string>3554</string>
                <key>className</key>
                <string>PTModelAnimation</string>
                <key>Name</key>
                <dict>
                    <key>value</key>
                    <string></string>
                </dict>
                <key>duration</key>
                <string>0.033333</string>
                <key>animationSpeed</key>
                <string>1.000000</string>
                <key>looped</key>
                <string>1</string>
            </dict>
            <dict>
                <key>id</key>
                <string>3843</string>
                <key>className</key>
                <string>PTModelAnimation</string>
                <key>Name</key>
                <dict>
                    <key>value</key>
                    <string></string>
                </dict>
                <key>duration</key>
                <string>0.333333</string>
                <key>animationSpeed</key>
                <string>1.000000</string>
                <key>looped</key>
                <string>1</string>
            </dict>
            <dict>
                <key>id</key>
                <string>3924</string>
                <key>className</key>
                <string>PTModelAnimation</string>
                <key>Name</key>
                <dict>
                    <key>value</key>
                    <string></string>
                </dict>
                <key>duration</key>
                <string>0.333333</string>
                <key>animationSpeed</key>
                <string>1.000000</string>
                <key>looped</key>
                <string>1</string>
            </dict>
            <dict>
                <key>id</key>
                <string>3945</string>
                <key>className</key>
                <string>PTModelAnimation</string>
                <key>Name</key>
                <dict>
                    <key>value</key>
                    <string></string>
                </dict>
                <key>duration</key>
                <string>0.333333</string>
                <key>animationSpeed</key>
                <string>1.000000</string>
                <key>looped</key>
                <string>1</string>
            </dict>
            <dict>
                <key>id</key>
                <string>3965</string>
                <key>className</key>
                <string>PTModelAnimation</string>
                <key>Name</key>
                <dict>
                    <key>value</key>
                    <string></string>
                </dict>
                <key>duration</key>
                <string>0.333333</string>
                <key>animationSpeed</key>
                <string>1.000000</string>
                <key>looped</key>
                <string>1</string>
            </dict>
            <dict>
                <key>id</key>
                <string>3986</string>
                <key>className</key>
                <string>PTModelAnimation</string>
                <key>Name</key>
                <dict>
                    <key>value</key>
                    <string></string>
                </dict>
                <key>duration</key>
                <string>0.333333</string>
                <key>animationSpeed</key>
                <string>1.000000</string>
                <key>looped</key>
                <string>1</string>
            </dict>
            <dict>
                <key>id</key>
                <string>4007</string>
                <key>className</key>
                <string>PTModelAnimation</string>
                <key>Name</key>
                <dict>
                    <key>value</key>
                    <string></string>
                </dict>
                <key>duration</key>
                <string>0.333333</string>
                <key>animationSpeed</key>
                <string>1.000000</string>
                <key>looped</key>
                <string>1</string>
            </dict>
            <dict>
                <key>id</key>
                <string>4028</string>
                <key>className</key>
                <string>PTModelAnimation</string>
                <key>Name</key>
                <dict>
                    <key>value</key>
                    <string></string>
                </dict>
                <key>duration</key>
                <string>0.333333</string>
                <key>animationSpeed</key>
                <string>1.000000</string>
                <key>looped</key>
                <string>1</string>
            </dict>
            <dict>
                <key>id</key>
                <string>4048</string>
                <key>className</key>
                <string>PTModelAnimation</string>
                <key>Name</key>
                <dict>
                    <key>value</key>
                    <string></string>
                </dict>
                <key>duration</key>
                <string>0.333333</string>
                <key>animationSpeed</key>
                <string>1.000000</string>
                <key>looped</key>
                <string>1</string>
            </dict>
            <dict>
                <key>id</key>
                <string>4322</string>
                <key>className</key>
                <string>PTModelAnimation</string>
                <key>Name</key>
                <dict>
                    <key>value</key>
                    <string></string>
                </dict>
                <key>duration</key>
                <string>0.033333</string>
                <key>animationSpeed</key>
                <string>1.000000</string>
                <key>looped</key>
                <string>1</string>
            </dict>
            <dict>
                <key>id</key>
                <string>4686</string>
                <key>className</key>
                <string>PTModelAnimation</string>
                <key>Name</key>
                <dict>
                    <key>value</key>
                    <string></string>
                </dict>
                <key>duration</key>
                <string>0.033333</string>
                <key>animationSpeed</key>
                <string>1.000000</string>
                <key>looped</key>
                <string>1</string>
            </dict>
        </array>
    </dict>
</plist>
