<?xml version="1.0" encoding="UTF-8"?>
<!DOCTYPE plist PUBLIC "-//Apple//DTD PLIST 1.0//EN" "http://www.apple.com/DTDs/PropertyList-1.0.dtd"/>

<plist version="1.0">
    <dict>
        <key>ROOT</key>
        <array>
            <dict>
                <key>id</key>
                <string>394</string>
            </dict>
            <dict>
                <key>id</key>
                <string>1286</string>
            </dict>
            <dict>
                <key>id</key>
                <string>2794</string>
            </dict>
            <dict>
                <key>id</key>
                <string>2800</string>
            </dict>
            <dict>
                <key>id</key>
                <string>2828</string>
            </dict>
            <dict>
                <key>id</key>
                <string>2838</string>
            </dict>
            <dict>
                <key>id</key>
                <string>2953</string>
            </dict>
            <dict>
                <key>id</key>
                <string>2955</string>
            </dict>
            <dict>
                <key>id</key>
                <string>4433</string>
            </dict>
            <dict>
                <key>id</key>
                <string>4443</string>
            </dict>
            <dict>
                <key>id</key>
                <string>4463</string>
            </dict>
            <dict>
                <key>id</key>
                <string>4469</string>
            </dict>
        </array>
    </dict>
</plist>
