<?xml version="1.0" encoding="UTF-8"?>
<!DOCTYPE plist PUBLIC "-//Apple//DTD PLIST 1.0//EN" "http://www.apple.com/DTDs/PropertyList-1.0.dtd"/>

<plist version="1.0">
    <dict>
        <key>ROOT</key>
        <array>
            <dict>
                <key>id</key>
                <string>113</string>
                <key>children</key>
                <array>
                    <string>114</string>
                </array>
            </dict>
            <dict>
                <key>id</key>
                <string>130</string>
                <key>children</key>
                <array>
                    <string>447</string>
                </array>
            </dict>
            <dict>
                <key>id</key>
                <string>154</string>
                <key>children</key>
                <array>
                    <string>155</string>
                </array>
            </dict>
            <dict>
                <key>id</key>
                <string>345</string>
                <key>children</key>
                <array>
                    <string>346</string>
                </array>
            </dict>
            <dict>
                <key>id</key>
                <string>403</string>
                <key>children</key>
                <array/>
            </dict>
            <dict>
                <key>id</key>
                <string>812</string>
                <key>children</key>
                <array/>
            </dict>
            <dict>
                <key>id</key>
                <string>838</string>
                <key>children</key>
                <array/>
            </dict>
            <dict>
                <key>id</key>
                <string>849</string>
                <key>children</key>
                <array/>
            </dict>
            <dict>
                <key>id</key>
                <string>865</string>
                <key>children</key>
                <array/>
            </dict>
            <dict>
                <key>id</key>
                <string>979</string>
                <key>children</key>
                <array>
                    <string>984</string>
                </array>
            </dict>
            <dict>
                <key>id</key>
                <string>1167</string>
                <key>children</key>
                <array/>
            </dict>
            <dict>
                <key>id</key>
                <string>1174</string>
                <key>children</key>
                <array>
                    <string>1179</string>
                </array>
            </dict>
            <dict>
                <key>id</key>
                <string>1863</string>
                <key>children</key>
                <array>
                    <string>1864</string>
                </array>
            </dict>
            <dict>
                <key>id</key>
                <string>2256</string>
                <key>children</key>
                <array>
                    <string>2257</string>
                </array>
            </dict>
            <dict>
                <key>id</key>
                <string>2268</string>
                <key>children</key>
                <array>
                    <string>2269</string>
                </array>
            </dict>
            <dict>
                <key>id</key>
                <string>2288</string>
                <key>children</key>
                <array>
                    <string>2300</string>
                </array>
            </dict>
            <dict>
                <key>id</key>
                <string>2337</string>
                <key>children</key>
                <array>
                    <string>2338</string>
                </array>
            </dict>
            <dict>
                <key>id</key>
                <string>2712</string>
                <key>children</key>
                <array>
                    <string>2713</string>
                </array>
            </dict>
            <dict>
                <key>id</key>
                <string>2727</string>
                <key>children</key>
                <array>
                    <string>2728</string>
                </array>
            </dict>
            <dict>
                <key>id</key>
                <string>2847</string>
                <key>children</key>
                <array>
                    <string>2848</string>
                </array>
            </dict>
            <dict>
                <key>id</key>
                <string>2876</string>
                <key>children</key>
                <array>
                    <string>2877</string>
                </array>
            </dict>
            <dict>
                <key>id</key>
                <string>3200</string>
                <key>children</key>
                <array>
                    <string>3201</string>
                </array>
            </dict>
            <dict>
                <key>id</key>
                <string>3231</string>
                <key>children</key>
                <array>
                    <string>3232</string>
                </array>
            </dict>
            <dict>
                <key>id</key>
                <string>3254</string>
                <key>children</key>
                <array>
                    <string>3255</string>
                </array>
            </dict>
            <dict>
                <key>id</key>
                <string>3510</string>
                <key>children</key>
                <array>
                    <string>3527</string>
                </array>
            </dict>
            <dict>
                <key>id</key>
                <string>3543</string>
                <key>children</key>
                <array>
                    <string>3544</string>
                </array>
            </dict>
            <dict>
                <key>id</key>
                <string>3554</string>
                <key>children</key>
                <array>
                    <string>3555</string>
                </array>
            </dict>
            <dict>
                <key>id</key>
                <string>3843</string>
                <key>children</key>
                <array>
                    <string>3844</string>
                </array>
            </dict>
            <dict>
                <key>id</key>
                <string>3924</string>
                <key>children</key>
                <array>
                    <string>3925</string>
                </array>
            </dict>
            <dict>
                <key>id</key>
                <string>3945</string>
                <key>children</key>
                <array>
                    <string>3946</string>
                </array>
            </dict>
            <dict>
                <key>id</key>
                <string>3965</string>
                <key>children</key>
                <array>
                    <string>3966</string>
                </array>
            </dict>
            <dict>
                <key>id</key>
                <string>3986</string>
                <key>children</key>
                <array>
                    <string>3987</string>
                </array>
            </dict>
            <dict>
                <key>id</key>
                <string>4007</string>
                <key>children</key>
                <array>
                    <string>4008</string>
                </array>
            </dict>
            <dict>
                <key>id</key>
                <string>4028</string>
                <key>children</key>
                <array>
                    <string>4029</string>
                </array>
            </dict>
            <dict>
                <key>id</key>
                <string>4048</string>
                <key>children</key>
                <array>
                    <string>4049</string>
                </array>
            </dict>
            <dict>
                <key>id</key>
                <string>4322</string>
                <key>children</key>
                <array>
                    <string>4323</string>
                </array>
            </dict>
            <dict>
                <key>id</key>
                <string>4686</string>
                <key>children</key>
                <array>
                    <string>4687</string>
                </array>
            </dict>
        </array>
    </dict>
</plist>
