<?xml version="1.0" encoding="UTF-8"?>
<!DOCTYPE plist PUBLIC "-//Apple//DTD PLIST 1.0//EN" "http://www.apple.com/DTDs/PropertyList-1.0.dtd"/>

<plist version="1.0">
    <dict>
        <key>ROOT</key>
        <array>
            <dict>
                <key>id</key>
                <string>2274</string>
                <key>Asset</key>
                <dict>
                    <key>value</key>
                    <string>2266</string>
                </dict>
            </dict>
            <dict>
                <key>id</key>
                <string>2276</string>
                <key>Asset</key>
                <dict>
                    <key>value</key>
                    <string>2266</string>
                </dict>
            </dict>
            <dict>
                <key>id</key>
                <string>2278</string>
                <key>Asset</key>
                <dict>
                    <key>value</key>
                    <string>2266</string>
                </dict>
            </dict>
            <dict>
                <key>id</key>
                <string>2280</string>
                <key>Asset</key>
                <dict>
                    <key>value</key>
                    <string>2266</string>
                </dict>
            </dict>
            <dict>
                <key>id</key>
                <string>2282</string>
                <key>Asset</key>
                <dict>
                    <key>value</key>
                    <string>2266</string>
                </dict>
            </dict>
            <dict>
                <key>id</key>
                <string>2330</string>
                <key>Asset</key>
                <dict>
                    <key>value</key>
                    <string>2266</string>
                </dict>
            </dict>
            <dict>
                <key>id</key>
                <string>2332</string>
                <key>Asset</key>
                <dict>
                    <key>value</key>
                    <string>2266</string>
                </dict>
            </dict>
            <dict>
                <key>id</key>
                <string>2343</string>
                <key>Asset</key>
                <dict>
                    <key>value</key>
                    <string>2335</string>
                </dict>
                <key>components</key>
                <array>
                    <string>2344</string>
                </array>
            </dict>
            <dict>
                <key>id</key>
                <string>2362</string>
                <key>Asset</key>
                <dict>
                    <key>value</key>
                    <string>2266</string>
                </dict>
            </dict>
            <dict>
                <key>id</key>
                <string>2386</string>
                <key>Asset</key>
                <dict>
                    <key>value</key>
                    <string>2266</string>
                </dict>
            </dict>
            <dict>
                <key>id</key>
                <string>2388</string>
                <key>Asset</key>
                <dict>
                    <key>value</key>
                    <string>2266</string>
                </dict>
            </dict>
            <dict>
                <key>id</key>
                <string>2390</string>
                <key>Asset</key>
                <dict>
                    <key>value</key>
                    <string>2266</string>
                </dict>
            </dict>
            <dict>
                <key>id</key>
                <string>2399</string>
                <key>Asset</key>
                <dict>
                    <key>value</key>
                    <string>2335</string>
                </dict>
                <key>components</key>
                <array>
                    <string>2400</string>
                </array>
            </dict>
            <dict>
                <key>id</key>
                <string>2412</string>
                <key>Asset</key>
                <dict>
                    <key>value</key>
                    <string>2266</string>
                </dict>
            </dict>
            <dict>
                <key>id</key>
                <string>2429</string>
                <key>Asset</key>
                <dict>
                    <key>value</key>
                    <string>2266</string>
                </dict>
            </dict>
            <dict>
                <key>id</key>
                <string>2431</string>
                <key>Asset</key>
                <dict>
                    <key>value</key>
                    <string>2266</string>
                </dict>
            </dict>
            <dict>
                <key>id</key>
                <string>2433</string>
                <key>Asset</key>
                <dict>
                    <key>value</key>
                    <string>2266</string>
                </dict>
            </dict>
            <dict>
                <key>id</key>
                <string>2435</string>
                <key>Asset</key>
                <dict>
                    <key>value</key>
                    <string>2266</string>
                </dict>
            </dict>
            <dict>
                <key>id</key>
                <string>2439</string>
                <key>Asset</key>
                <dict>
                    <key>value</key>
                    <string>2266</string>
                </dict>
            </dict>
            <dict>
                <key>id</key>
                <string>2443</string>
                <key>Asset</key>
                <dict>
                    <key>value</key>
                    <string>2266</string>
                </dict>
            </dict>
            <dict>
                <key>id</key>
                <string>2452</string>
                <key>Asset</key>
                <dict>
                    <key>value</key>
                    <string>2335</string>
                </dict>
                <key>components</key>
                <array>
                    <string>2453</string>
                </array>
            </dict>
            <dict>
                <key>id</key>
                <string>2455</string>
                <key>Asset</key>
                <dict>
                    <key>value</key>
                    <string>2266</string>
                </dict>
            </dict>
            <dict>
                <key>id</key>
                <string>2457</string>
                <key>Asset</key>
                <dict>
                    <key>value</key>
                    <string>2266</string>
                </dict>
            </dict>
            <dict>
                <key>id</key>
                <string>2462</string>
                <key>Asset</key>
                <dict>
                    <key>value</key>
                    <string>2335</string>
                </dict>
                <key>components</key>
                <array>
                    <string>2463</string>
                </array>
            </dict>
            <dict>
                <key>id</key>
                <string>2479</string>
                <key>Asset</key>
                <dict>
                    <key>value</key>
                    <string>2266</string>
                </dict>
            </dict>
            <dict>
                <key>id</key>
                <string>2481</string>
                <key>Asset</key>
                <dict>
                    <key>value</key>
                    <string>2266</string>
                </dict>
            </dict>
            <dict>
                <key>id</key>
                <string>2483</string>
                <key>Asset</key>
                <dict>
                    <key>value</key>
                    <string>2266</string>
                </dict>
            </dict>
            <dict>
                <key>id</key>
                <string>2489</string>
                <key>Asset</key>
                <dict>
                    <key>value</key>
                    <string>2266</string>
                </dict>
            </dict>
            <dict>
                <key>id</key>
                <string>2491</string>
                <key>Asset</key>
                <dict>
                    <key>value</key>
                    <string>2266</string>
                </dict>
            </dict>
            <dict>
                <key>id</key>
                <string>2493</string>
                <key>Asset</key>
                <dict>
                    <key>value</key>
                    <string>2266</string>
                </dict>
            </dict>
            <dict>
                <key>id</key>
                <string>2500</string>
                <key>Asset</key>
                <dict>
                    <key>value</key>
                    <string>2335</string>
                </dict>
                <key>components</key>
                <array>
                    <string>2501</string>
                </array>
            </dict>
            <dict>
                <key>id</key>
                <string>2505</string>
                <key>Asset</key>
                <dict>
                    <key>value</key>
                    <string>2266</string>
                </dict>
            </dict>
            <dict>
                <key>id</key>
                <string>2507</string>
                <key>Asset</key>
                <dict>
                    <key>value</key>
                    <string>2266</string>
                </dict>
            </dict>
            <dict>
                <key>id</key>
                <string>2509</string>
                <key>Asset</key>
                <dict>
                    <key>value</key>
                    <string>2266</string>
                </dict>
            </dict>
            <dict>
                <key>id</key>
                <string>2514</string>
                <key>Asset</key>
                <dict>
                    <key>value</key>
                    <string>2266</string>
                </dict>
            </dict>
            <dict>
                <key>id</key>
                <string>2516</string>
                <key>Asset</key>
                <dict>
                    <key>value</key>
                    <string>2266</string>
                </dict>
            </dict>
            <dict>
                <key>id</key>
                <string>2518</string>
                <key>Asset</key>
                <dict>
                    <key>value</key>
                    <string>2266</string>
                </dict>
            </dict>
            <dict>
                <key>id</key>
                <string>2522</string>
                <key>Asset</key>
                <dict>
                    <key>value</key>
                    <string>2266</string>
                </dict>
            </dict>
            <dict>
                <key>id</key>
                <string>2526</string>
                <key>Asset</key>
                <dict>
                    <key>value</key>
                    <string>2266</string>
                </dict>
            </dict>
            <dict>
                <key>id</key>
                <string>2539</string>
                <key>Asset</key>
                <dict>
                    <key>value</key>
                    <string>2266</string>
                </dict>
            </dict>
            <dict>
                <key>id</key>
                <string>2541</string>
                <key>Asset</key>
                <dict>
                    <key>value</key>
                    <string>2266</string>
                </dict>
            </dict>
            <dict>
                <key>id</key>
                <string>2543</string>
                <key>Asset</key>
                <dict>
                    <key>value</key>
                    <string>2266</string>
                </dict>
            </dict>
            <dict>
                <key>id</key>
                <string>2549</string>
                <key>Asset</key>
                <dict>
                    <key>value</key>
                    <string>2266</string>
                </dict>
            </dict>
            <dict>
                <key>id</key>
                <string>2551</string>
                <key>Asset</key>
                <dict>
                    <key>value</key>
                    <string>2266</string>
                </dict>
            </dict>
            <dict>
                <key>id</key>
                <string>2553</string>
                <key>Asset</key>
                <dict>
                    <key>value</key>
                    <string>2266</string>
                </dict>
            </dict>
            <dict>
                <key>id</key>
                <string>2560</string>
                <key>Asset</key>
                <dict>
                    <key>value</key>
                    <string>2335</string>
                </dict>
                <key>components</key>
                <array>
                    <string>2561</string>
                </array>
            </dict>
            <dict>
                <key>id</key>
                <string>2565</string>
                <key>Asset</key>
                <dict>
                    <key>value</key>
                    <string>2335</string>
                </dict>
                <key>components</key>
                <array>
                    <string>2566</string>
                </array>
            </dict>
            <dict>
                <key>id</key>
                <string>2570</string>
                <key>Asset</key>
                <dict>
                    <key>value</key>
                    <string>2266</string>
                </dict>
            </dict>
            <dict>
                <key>id</key>
                <string>2572</string>
                <key>Asset</key>
                <dict>
                    <key>value</key>
                    <string>2266</string>
                </dict>
            </dict>
            <dict>
                <key>id</key>
                <string>2574</string>
                <key>Asset</key>
                <dict>
                    <key>value</key>
                    <string>2266</string>
                </dict>
            </dict>
            <dict>
                <key>id</key>
                <string>2577</string>
                <key>Asset</key>
                <dict>
                    <key>value</key>
                    <string>2266</string>
                </dict>
            </dict>
            <dict>
                <key>id</key>
                <string>2583</string>
                <key>Asset</key>
                <dict>
                    <key>value</key>
                    <string>2266</string>
                </dict>
            </dict>
            <dict>
                <key>id</key>
                <string>2589</string>
                <key>Asset</key>
                <dict>
                    <key>value</key>
                    <string>2266</string>
                </dict>
            </dict>
            <dict>
                <key>id</key>
                <string>2591</string>
                <key>Asset</key>
                <dict>
                    <key>value</key>
                    <string>2266</string>
                </dict>
            </dict>
            <dict>
                <key>id</key>
                <string>2593</string>
                <key>Asset</key>
                <dict>
                    <key>value</key>
                    <string>2266</string>
                </dict>
            </dict>
            <dict>
                <key>id</key>
                <string>2604</string>
                <key>Asset</key>
                <dict>
                    <key>value</key>
                    <string>2335</string>
                </dict>
                <key>components</key>
                <array>
                    <string>2605</string>
                </array>
            </dict>
            <dict>
                <key>id</key>
                <string>2608</string>
                <key>Asset</key>
                <dict>
                    <key>value</key>
                    <string>2335</string>
                </dict>
                <key>components</key>
                <array>
                    <string>2609</string>
                </array>
            </dict>
            <dict>
                <key>id</key>
                <string>2612</string>
                <key>Asset</key>
                <dict>
                    <key>value</key>
                    <string>2335</string>
                </dict>
                <key>components</key>
                <array>
                    <string>2613</string>
                </array>
            </dict>
            <dict>
                <key>id</key>
                <string>2617</string>
                <key>Asset</key>
                <dict>
                    <key>value</key>
                    <string>2266</string>
                </dict>
            </dict>
            <dict>
                <key>id</key>
                <string>2622</string>
                <key>Asset</key>
                <dict>
                    <key>value</key>
                    <string>2266</string>
                </dict>
            </dict>
            <dict>
                <key>id</key>
                <string>2628</string>
                <key>Asset</key>
                <dict>
                    <key>value</key>
                    <string>2266</string>
                </dict>
            </dict>
            <dict>
                <key>id</key>
                <string>2630</string>
                <key>Asset</key>
                <dict>
                    <key>value</key>
                    <string>2266</string>
                </dict>
            </dict>
            <dict>
                <key>id</key>
                <string>2637</string>
                <key>Asset</key>
                <dict>
                    <key>value</key>
                    <string>2335</string>
                </dict>
                <key>components</key>
                <array>
                    <string>2638</string>
                </array>
            </dict>
            <dict>
                <key>id</key>
                <string>2641</string>
                <key>Asset</key>
                <dict>
                    <key>value</key>
                    <string>2335</string>
                </dict>
                <key>components</key>
                <array>
                    <string>2642</string>
                </array>
            </dict>
            <dict>
                <key>id</key>
                <string>2646</string>
                <key>Asset</key>
                <dict>
                    <key>value</key>
                    <string>2266</string>
                </dict>
            </dict>
            <dict>
                <key>id</key>
                <string>2650</string>
                <key>Asset</key>
                <dict>
                    <key>value</key>
                    <string>2335</string>
                </dict>
                <key>components</key>
                <array>
                    <string>2651</string>
                </array>
            </dict>
            <dict>
                <key>id</key>
                <string>2654</string>
                <key>Asset</key>
                <dict>
                    <key>value</key>
                    <string>2335</string>
                </dict>
                <key>components</key>
                <array>
                    <string>2655</string>
                </array>
            </dict>
            <dict>
                <key>id</key>
                <string>2661</string>
                <key>Asset</key>
                <dict>
                    <key>value</key>
                    <string>2266</string>
                </dict>
            </dict>
            <dict>
                <key>id</key>
                <string>2663</string>
                <key>Asset</key>
                <dict>
                    <key>value</key>
                    <string>2266</string>
                </dict>
            </dict>
            <dict>
                <key>id</key>
                <string>2665</string>
                <key>Asset</key>
                <dict>
                    <key>value</key>
                    <string>2266</string>
                </dict>
            </dict>
            <dict>
                <key>id</key>
                <string>2680</string>
                <key>Asset</key>
                <dict>
                    <key>value</key>
                    <string>2266</string>
                </dict>
            </dict>
            <dict>
                <key>id</key>
                <string>2682</string>
                <key>Asset</key>
                <dict>
                    <key>value</key>
                    <string>2266</string>
                </dict>
            </dict>
            <dict>
                <key>id</key>
                <string>2684</string>
                <key>Asset</key>
                <dict>
                    <key>value</key>
                    <string>2266</string>
                </dict>
            </dict>
            <dict>
                <key>id</key>
                <string>2719</string>
                <key>Asset</key>
                <dict>
                    <key>value</key>
                    <string>2710</string>
                </dict>
            </dict>
            <dict>
                <key>id</key>
                <string>2787</string>
                <key>Asset</key>
                <dict>
                    <key>value</key>
                    <string>2710</string>
                </dict>
            </dict>
            <dict>
                <key>id</key>
                <string>2788</string>
                <key>Asset</key>
                <dict>
                    <key>value</key>
                    <string>2725</string>
                </dict>
            </dict>
            <dict>
                <key>id</key>
                <string>2821</string>
                <key>Asset</key>
                <dict>
                    <key>value</key>
                    <string>2710</string>
                </dict>
            </dict>
            <dict>
                <key>id</key>
                <string>2822</string>
                <key>Asset</key>
                <dict>
                    <key>value</key>
                    <string>2725</string>
                </dict>
            </dict>
            <dict>
                <key>id</key>
                <string>2949</string>
                <key>Asset</key>
                <dict>
                    <key>value</key>
                    <string>2266</string>
                </dict>
            </dict>
            <dict>
                <key>id</key>
                <string>2950</string>
                <key>Asset</key>
                <dict>
                    <key>value</key>
                    <string>2266</string>
                </dict>
            </dict>
            <dict>
                <key>id</key>
                <string>2951</string>
                <key>Asset</key>
                <dict>
                    <key>value</key>
                    <string>2710</string>
                </dict>
            </dict>
            <dict>
                <key>id</key>
                <string>2952</string>
                <key>Asset</key>
                <dict>
                    <key>value</key>
                    <string>2725</string>
                </dict>
            </dict>
            <dict>
                <key>id</key>
                <string>4328</string>
                <key>Asset</key>
                <dict>
                    <key>value</key>
                    <string>4320</string>
                </dict>
            </dict>
            <dict>
                <key>id</key>
                <string>4333</string>
                <key>Asset</key>
                <dict>
                    <key>value</key>
                    <string>4320</string>
                </dict>
            </dict>
            <dict>
                <key>id</key>
                <string>4335</string>
                <key>Asset</key>
                <dict>
                    <key>value</key>
                    <string>4320</string>
                </dict>
            </dict>
            <dict>
                <key>id</key>
                <string>4337</string>
                <key>Asset</key>
                <dict>
                    <key>value</key>
                    <string>4320</string>
                </dict>
            </dict>
            <dict>
                <key>id</key>
                <string>4345</string>
                <key>Asset</key>
                <dict>
                    <key>value</key>
                    <string>4320</string>
                </dict>
            </dict>
            <dict>
                <key>id</key>
                <string>4347</string>
                <key>Asset</key>
                <dict>
                    <key>value</key>
                    <string>4320</string>
                </dict>
            </dict>
            <dict>
                <key>id</key>
                <string>4349</string>
                <key>Asset</key>
                <dict>
                    <key>value</key>
                    <string>4320</string>
                </dict>
            </dict>
            <dict>
                <key>id</key>
                <string>4360</string>
                <key>Asset</key>
                <dict>
                    <key>value</key>
                    <string>4320</string>
                </dict>
            </dict>
            <dict>
                <key>id</key>
                <string>4366</string>
                <key>Asset</key>
                <dict>
                    <key>value</key>
                    <string>4320</string>
                </dict>
            </dict>
            <dict>
                <key>id</key>
                <string>4368</string>
                <key>Asset</key>
                <dict>
                    <key>value</key>
                    <string>4320</string>
                </dict>
            </dict>
            <dict>
                <key>id</key>
                <string>4370</string>
                <key>Asset</key>
                <dict>
                    <key>value</key>
                    <string>4320</string>
                </dict>
            </dict>
            <dict>
                <key>id</key>
                <string>4372</string>
                <key>Asset</key>
                <dict>
                    <key>value</key>
                    <string>4320</string>
                </dict>
            </dict>
            <dict>
                <key>id</key>
                <string>4374</string>
                <key>Asset</key>
                <dict>
                    <key>value</key>
                    <string>4320</string>
                </dict>
            </dict>
            <dict>
                <key>id</key>
                <string>4376</string>
                <key>Asset</key>
                <dict>
                    <key>value</key>
                    <string>4320</string>
                </dict>
            </dict>
            <dict>
                <key>id</key>
                <string>4378</string>
                <key>Asset</key>
                <dict>
                    <key>value</key>
                    <string>4320</string>
                </dict>
            </dict>
            <dict>
                <key>id</key>
                <string>4380</string>
                <key>Asset</key>
                <dict>
                    <key>value</key>
                    <string>4320</string>
                </dict>
            </dict>
            <dict>
                <key>id</key>
                <string>4382</string>
                <key>Asset</key>
                <dict>
                    <key>value</key>
                    <string>4320</string>
                </dict>
            </dict>
            <dict>
                <key>id</key>
                <string>4385</string>
                <key>Asset</key>
                <dict>
                    <key>value</key>
                    <string>4320</string>
                </dict>
            </dict>
            <dict>
                <key>id</key>
                <string>4387</string>
                <key>Asset</key>
                <dict>
                    <key>value</key>
                    <string>4320</string>
                </dict>
            </dict>
            <dict>
                <key>id</key>
                <string>4389</string>
                <key>Asset</key>
                <dict>
                    <key>value</key>
                    <string>4320</string>
                </dict>
            </dict>
            <dict>
                <key>id</key>
                <string>4393</string>
                <key>Asset</key>
                <dict>
                    <key>value</key>
                    <string>4320</string>
                </dict>
            </dict>
            <dict>
                <key>id</key>
                <string>4396</string>
                <key>Asset</key>
                <dict>
                    <key>value</key>
                    <string>4320</string>
                </dict>
            </dict>
            <dict>
                <key>id</key>
                <string>4398</string>
                <key>Asset</key>
                <dict>
                    <key>value</key>
                    <string>4320</string>
                </dict>
            </dict>
            <dict>
                <key>id</key>
                <string>4400</string>
                <key>Asset</key>
                <dict>
                    <key>value</key>
                    <string>4320</string>
                </dict>
            </dict>
            <dict>
                <key>id</key>
                <string>4402</string>
                <key>Asset</key>
                <dict>
                    <key>value</key>
                    <string>4320</string>
                </dict>
            </dict>
            <dict>
                <key>id</key>
                <string>4404</string>
                <key>Asset</key>
                <dict>
                    <key>value</key>
                    <string>4320</string>
                </dict>
            </dict>
            <dict>
                <key>id</key>
                <string>4406</string>
                <key>Asset</key>
                <dict>
                    <key>value</key>
                    <string>4320</string>
                </dict>
            </dict>
            <dict>
                <key>id</key>
                <string>4408</string>
                <key>Asset</key>
                <dict>
                    <key>value</key>
                    <string>4320</string>
                </dict>
            </dict>
            <dict>
                <key>id</key>
                <string>4412</string>
                <key>Asset</key>
                <dict>
                    <key>value</key>
                    <string>4320</string>
                </dict>
            </dict>
            <dict>
                <key>id</key>
                <string>4414</string>
                <key>Asset</key>
                <dict>
                    <key>value</key>
                    <string>4320</string>
                </dict>
            </dict>
            <dict>
                <key>id</key>
                <string>4416</string>
                <key>Asset</key>
                <dict>
                    <key>value</key>
                    <string>4320</string>
                </dict>
            </dict>
            <dict>
                <key>id</key>
                <string>4418</string>
                <key>Asset</key>
                <dict>
                    <key>value</key>
                    <string>4320</string>
                </dict>
            </dict>
            <dict>
                <key>id</key>
                <string>4420</string>
                <key>Asset</key>
                <dict>
                    <key>value</key>
                    <string>4320</string>
                </dict>
            </dict>
            <dict>
                <key>id</key>
                <string>4422</string>
                <key>Asset</key>
                <dict>
                    <key>value</key>
                    <string>4320</string>
                </dict>
            </dict>
            <dict>
                <key>id</key>
                <string>4426</string>
                <key>Asset</key>
                <dict>
                    <key>value</key>
                    <string>2710</string>
                </dict>
            </dict>
            <dict>
                <key>id</key>
                <string>4427</string>
                <key>Asset</key>
                <dict>
                    <key>value</key>
                    <string>2725</string>
                </dict>
            </dict>
            <dict>
                <key>id</key>
                <string>4452</string>
                <key>Asset</key>
                <dict>
                    <key>value</key>
                    <string>2725</string>
                </dict>
            </dict>
            <dict>
                <key>id</key>
                <string>4456</string>
                <key>Asset</key>
                <dict>
                    <key>value</key>
                    <string>2710</string>
                </dict>
            </dict>
            <dict>
                <key>id</key>
                <string>4457</string>
                <key>Asset</key>
                <dict>
                    <key>value</key>
                    <string>2725</string>
                </dict>
            </dict>
            <dict>
                <key>id</key>
                <string>4692</string>
                <key>Asset</key>
                <dict>
                    <key>value</key>
                    <string>4684</string>
                </dict>
            </dict>
            <dict>
                <key>id</key>
                <string>4696</string>
                <key>Asset</key>
                <dict>
                    <key>value</key>
                    <string>4684</string>
                </dict>
            </dict>
            <dict>
                <key>id</key>
                <string>4702</string>
                <key>Asset</key>
                <dict>
                    <key>value</key>
                    <string>4684</string>
                </dict>
            </dict>
            <dict>
                <key>id</key>
                <string>4704</string>
                <key>Asset</key>
                <dict>
                    <key>value</key>
                    <string>4684</string>
                </dict>
            </dict>
            <dict>
                <key>id</key>
                <string>4706</string>
                <key>Asset</key>
                <dict>
                    <key>value</key>
                    <string>4684</string>
                </dict>
            </dict>
            <dict>
                <key>id</key>
                <string>4708</string>
                <key>Asset</key>
                <dict>
                    <key>value</key>
                    <string>4684</string>
                </dict>
            </dict>
            <dict>
                <key>id</key>
                <string>4711</string>
                <key>Asset</key>
                <dict>
                    <key>value</key>
                    <string>4684</string>
                </dict>
            </dict>
            <dict>
                <key>id</key>
                <string>4713</string>
                <key>Asset</key>
                <dict>
                    <key>value</key>
                    <string>4684</string>
                </dict>
            </dict>
            <dict>
                <key>id</key>
                <string>4715</string>
                <key>Asset</key>
                <dict>
                    <key>value</key>
                    <string>4684</string>
                </dict>
            </dict>
            <dict>
                <key>id</key>
                <string>4717</string>
                <key>Asset</key>
                <dict>
                    <key>value</key>
                    <string>4684</string>
                </dict>
            </dict>
            <dict>
                <key>id</key>
                <string>4720</string>
                <key>Asset</key>
                <dict>
                    <key>value</key>
                    <string>4684</string>
                </dict>
            </dict>
            <dict>
                <key>id</key>
                <string>4722</string>
                <key>Asset</key>
                <dict>
                    <key>value</key>
                    <string>4684</string>
                </dict>
            </dict>
            <dict>
                <key>id</key>
                <string>4724</string>
                <key>Asset</key>
                <dict>
                    <key>value</key>
                    <string>4684</string>
                </dict>
            </dict>
            <dict>
                <key>id</key>
                <string>4727</string>
                <key>Asset</key>
                <dict>
                    <key>value</key>
                    <string>4684</string>
                </dict>
            </dict>
            <dict>
                <key>id</key>
                <string>4729</string>
                <key>Asset</key>
                <dict>
                    <key>value</key>
                    <string>4684</string>
                </dict>
            </dict>
            <dict>
                <key>id</key>
                <string>4731</string>
                <key>Asset</key>
                <dict>
                    <key>value</key>
                    <string>4684</string>
                </dict>
            </dict>
            <dict>
                <key>id</key>
                <string>4734</string>
                <key>Asset</key>
                <dict>
                    <key>value</key>
                    <string>4684</string>
                </dict>
            </dict>
            <dict>
                <key>id</key>
                <string>4736</string>
                <key>Asset</key>
                <dict>
                    <key>value</key>
                    <string>4684</string>
                </dict>
            </dict>
            <dict>
                <key>id</key>
                <string>4738</string>
                <key>Asset</key>
                <dict>
                    <key>value</key>
                    <string>4684</string>
                </dict>
            </dict>
        </array>
    </dict>
</plist>
