<?xml version="1.0" encoding="UTF-8"?>
<!DOCTYPE plist PUBLIC "-//Apple//DTD PLIST 1.0//EN" "http://www.apple.com/DTDs/PropertyList-1.0.dtd"/>

<plist version="1.0">
    <dict>
        <key>ROOT</key>
        <array>
            <dict>
                <key>id</key>
                <string>114</string>
                <key>Image</key>
                <dict>
                    <key>value</key>
                    <string>109</string>
                </dict>
            </dict>
            <dict>
                <key>id</key>
                <string>155</string>
                <key>Image</key>
                <dict>
                    <key>value</key>
                    <string>150</string>
                </dict>
            </dict>
            <dict>
                <key>id</key>
                <string>346</string>
                <key>Image</key>
                <dict>
                    <key>value</key>
                    <string>341</string>
                </dict>
            </dict>
            <dict>
                <key>id</key>
                <string>447</string>
                <key>Image</key>
                <dict>
                    <key>value</key>
                    <string>441</string>
                </dict>
            </dict>
            <dict>
                <key>id</key>
                <string>1864</string>
                <key>Image</key>
                <dict>
                    <key>value</key>
                    <string>1859</string>
                </dict>
            </dict>
            <dict>
                <key>id</key>
                <string>2114</string>
            </dict>
            <dict>
                <key>id</key>
                <string>2125</string>
                <key>Image</key>
                <dict>
                    <key>value</key>
                    <string>3736</string>
                </dict>
            </dict>
            <dict>
                <key>id</key>
                <string>2129</string>
            </dict>
            <dict>
                <key>id</key>
                <string>2138</string>
            </dict>
            <dict>
                <key>id</key>
                <string>2145</string>
            </dict>
            <dict>
                <key>id</key>
                <string>2148</string>
                <key>Image</key>
                <dict>
                    <key>value</key>
                    <string>2146</string>
                </dict>
            </dict>
            <dict>
                <key>id</key>
                <string>2161</string>
                <key>Image</key>
                <dict>
                    <key>value</key>
                    <string>2159</string>
                </dict>
            </dict>
            <dict>
                <key>id</key>
                <string>2197</string>
            </dict>
            <dict>
                <key>id</key>
                <string>2209</string>
            </dict>
            <dict>
                <key>id</key>
                <string>2257</string>
                <key>Image</key>
                <dict>
                    <key>value</key>
                    <string>2242</string>
                </dict>
            </dict>
            <dict>
                <key>id</key>
                <string>2269</string>
                <key>Image</key>
                <dict>
                    <key>value</key>
                    <string>2264</string>
                </dict>
            </dict>
            <dict>
                <key>id</key>
                <string>2300</string>
                <key>Image</key>
                <dict>
                    <key>value</key>
                    <string>2289</string>
                </dict>
            </dict>
            <dict>
                <key>id</key>
                <string>2338</string>
                <key>Image</key>
                <dict>
                    <key>value</key>
                    <string>2333</string>
                </dict>
            </dict>
            <dict>
                <key>id</key>
                <string>2713</string>
                <key>Image</key>
                <dict>
                    <key>value</key>
                    <string>2699</string>
                </dict>
            </dict>
            <dict>
                <key>id</key>
                <string>2728</string>
                <key>Image</key>
                <dict>
                    <key>value</key>
                    <string>2723</string>
                </dict>
            </dict>
            <dict>
                <key>id</key>
                <string>2848</string>
                <key>Image</key>
                <dict>
                    <key>value</key>
                    <string>2842</string>
                </dict>
            </dict>
            <dict>
                <key>id</key>
                <string>2877</string>
                <key>Image</key>
                <dict>
                    <key>value</key>
                    <string>2856</string>
                </dict>
            </dict>
            <dict>
                <key>id</key>
                <string>3201</string>
                <key>Image</key>
                <dict>
                    <key>value</key>
                    <string>3196</string>
                </dict>
            </dict>
            <dict>
                <key>id</key>
                <string>3232</string>
                <key>Image</key>
                <dict>
                    <key>value</key>
                    <string>3208</string>
                </dict>
            </dict>
            <dict>
                <key>id</key>
                <string>3255</string>
                <key>Image</key>
                <dict>
                    <key>value</key>
                    <string>3240</string>
                </dict>
            </dict>
            <dict>
                <key>id</key>
                <string>3527</string>
                <key>Image</key>
                <dict>
                    <key>value</key>
                    <string>3511</string>
                </dict>
            </dict>
            <dict>
                <key>id</key>
                <string>3544</string>
                <key>Image</key>
                <dict>
                    <key>value</key>
                    <string>3539</string>
                </dict>
            </dict>
            <dict>
                <key>id</key>
                <string>3555</string>
                <key>Image</key>
                <dict>
                    <key>value</key>
                    <string>3550</string>
                </dict>
            </dict>
            <dict>
                <key>id</key>
                <string>3713</string>
                <key>Image</key>
                <dict>
                    <key>value</key>
                    <string>3709</string>
                </dict>
            </dict>
            <dict>
                <key>id</key>
                <string>2122</string>
                <key>Image</key>
                <dict>
                    <key>value</key>
                    <string>3730</string>
                </dict>
            </dict>
            <dict>
                <key>id</key>
                <string>3844</string>
                <key>Image</key>
                <dict>
                    <key>value</key>
                    <string>3830</string>
                </dict>
            </dict>
            <dict>
                <key>id</key>
                <string>3925</string>
                <key>Image</key>
                <dict>
                    <key>value</key>
                    <string>3910</string>
                </dict>
            </dict>
            <dict>
                <key>id</key>
                <string>3946</string>
                <key>Image</key>
                <dict>
                    <key>value</key>
                    <string>3931</string>
                </dict>
            </dict>
            <dict>
                <key>id</key>
                <string>3966</string>
                <key>Image</key>
                <dict>
                    <key>value</key>
                    <string>3952</string>
                </dict>
            </dict>
            <dict>
                <key>id</key>
                <string>3987</string>
                <key>Image</key>
                <dict>
                    <key>value</key>
                    <string>3972</string>
                </dict>
            </dict>
            <dict>
                <key>id</key>
                <string>4008</string>
                <key>Image</key>
                <dict>
                    <key>value</key>
                    <string>3993</string>
                </dict>
            </dict>
            <dict>
                <key>id</key>
                <string>4029</string>
                <key>Image</key>
                <dict>
                    <key>value</key>
                    <string>4014</string>
                </dict>
            </dict>
            <dict>
                <key>id</key>
                <string>4049</string>
                <key>Image</key>
                <dict>
                    <key>value</key>
                    <string>4035</string>
                </dict>
            </dict>
            <dict>
                <key>id</key>
                <string>4323</string>
                <key>Image</key>
                <dict>
                    <key>value</key>
                    <string>4318</string>
                </dict>
            </dict>
            <dict>
                <key>id</key>
                <string>4687</string>
                <key>Image</key>
                <dict>
                    <key>value</key>
                    <string>4682</string>
                </dict>
            </dict>
        </array>
    </dict>
</plist>
