<?xml version="1.0" encoding="UTF-8"?>
<!DOCTYPE plist PUBLIC "-//Apple//DTD PLIST 1.0//EN" "http://www.apple.com/DTDs/PropertyList-1.0.dtd"/>

<plist version="1.0">
    <dict>
        <key>ROOT</key>
        <array>
            <dict>
                <key>id</key>
                <string>2241</string>
                <key>className</key>
                <string>PTModelObjectBackground</string>
                <key>Name</key>
                <dict>
                    <key>value</key>
                    <string>skyyy</string>
                </dict>
                <key>Position</key>
                <dict>
                    <key>value</key>
                    <string>{375.844,568.000}</string>
                </dict>
                <key>Scale</key>
                <dict>
                    <key>value</key>
                    <string>{1.000,2.754}</string>
                </dict>
                <key>Hidden</key>
                <dict>
                    <key>visible</key>
                    <string>0</string>
                </dict>
                <key>Locked</key>
                <dict>
                    <key>visible</key>
                    <string>0</string>
                    <key>value</key>
                    <string>1</string>
                </dict>
                <key>zDepth</key>
                <string>-99</string>
            </dict>
            <dict>
                <key>id</key>
                <string>4309</string>
                <key>className</key>
                <string>PTModelObjectBackground</string>
                <key>Name</key>
                <dict>
                    <key>value</key>
                    <string>sku-image</string>
                </dict>
                <key>Position</key>
                <dict>
                    <key>value</key>
                    <string>{223.384,566.595}</string>
                </dict>
                <key>Scale</key>
                <dict>
                    <key>value</key>
                    <string>{1.000,6.507}</string>
                </dict>
                <key>Hidden</key>
                <dict>
                    <key>visible</key>
                    <string>0</string>
                </dict>
                <key>Locked</key>
                <dict>
                    <key>visible</key>
                    <string>0</string>
                    <key>value</key>
                    <string>1</string>
                </dict>
                <key>zDepth</key>
                <string>-98</string>
            </dict>
            <dict>
                <key>id</key>
                <string>4679</string>
                <key>className</key>
                <string>PTModelObjectBackground</string>
                <key>Name</key>
                <dict>
                    <key>value</key>
                    <string>skyja</string>
                </dict>
                <key>Position</key>
                <dict>
                    <key>value</key>
                    <string>{320.000,568.000}</string>
                </dict>
                <key>Scale</key>
                <dict>
                    <key>value</key>
                    <string>{1.000,4.441}</string>
                </dict>
                <key>Hidden</key>
                <dict>
                    <key>visible</key>
                    <string>0</string>
                </dict>
                <key>Locked</key>
                <dict>
                    <key>visible</key>
                    <string>0</string>
                    <key>value</key>
                    <string>1</string>
                </dict>
                <key>zDepth</key>
                <string>-97</string>
            </dict>
        </array>
    </dict>
</plist>
